SeniorCitizen,Partner,Dependents,tenure,Contract,InternetService,TechSupport,PaperlessBilling,PaymentMethod,MonthlyCharges,TotalCharges,Actual_Churn,Predicted_Churn,Churn_Risk_Score
0,1,0,38,0,1,1,0,3,86.09,3000.87,1,0,0.422
0,0,0,15,1,0,2,0,3,51.74,758.24,1,0,0.328
0,0,0,60,1,1,0,1,2,58.15,3392.88,0,0,0.242
0,1,0,23,0,0,1,0,3,54.35,1142.48,0,0,0.493
1,1,0,15,0,2,2,1,0,98.88,1465.81,1,0,0.493
1,0,0,26,0,2,2,1,1,31.78,747.2,1,0,0.481
0,0,0,31,0,1,1,1,2,67.24,1984.03,0,0,0.486
0,0,1,70,2,1,0,1,1,68.37,4418.95,0,0,0.093
0,1,1,41,0,0,2,0,2,82.36,3333.1,1,0,0.271
0,0,1,3,1,2,0,0,1,73.49,220.38,0,1,0.552
0,0,0,55,0,1,0,1,0,51.51,2691.39,0,0,0.395
1,0,0,62,2,2,0,1,2,50.14,3020.36,0,0,0.162
0,1,1,61,1,0,0,0,0,36.7,2093.84,1,0,0.183
0,1,1,6,0,1,0,0,1,62.3,340.67,0,1,0.634
0,0,0,5,0,2,2,0,3,56.62,262.73,0,1,0.615
0,1,0,16,2,1,0,0,3,69.42,1035.07,0,0,0.296
0,1,0,50,0,0,2,0,0,71.9,3486.26,0,0,0.221
0,1,0,34,1,1,0,1,3,76.71,2576.9,1,0,0.343
1,1,0,48,1,0,2,1,0,68.32,3070.41,0,0,0.141
0,1,0,51,0,1,2,0,0,37.44,1894.3,1,0,0.268
0,1,0,72,0,0,2,0,1,67.02,4763.37,1,0,0.152
0,1,1,56,0,1,2,0,0,75.79,3890.25,0,0,0.206
0,1,1,46,1,1,0,1,0,54.71,2279.1,1,0,0.241
0,1,0,8,0,1,0,0,0,75.88,581.09,0,1,0.629
0,0,0,69,1,0,1,1,0,72.86,5025.63,0,0,0.113
0,0,0,60,1,1,0,1,3,76.83,4583.82,0,0,0.231
1,1,0,10,2,2,0,0,2,55.52,532.43,1,0,0.348
0,0,0,49,1,2,0,1,2,83.72,3928.99,0,0,0.295
0,0,1,19,1,0,2,0,1,59.99,1052.96,0,0,0.264
0,1,0,23,2,1,0,1,0,98.41,2257.8,1,0,0.213
1,1,0,64,0,0,0,1,2,74.05,4346.42,1,0,0.315
0,1,0,48,0,1,0,0,0,56.25,2608.01,1,0,0.393
0,1,0,36,2,0,0,0,2,46.78,1556.46,0,0,0.181
1,0,1,48,2,1,2,0,2,53.75,2341.29,0,0,0.11
0,0,0,19,0,1,2,0,3,72.14,1289.28,0,1,0.51
0,1,0,35,0,0,0,0,2,77.2,2532.86,0,0,0.467
1,0,1,63,0,1,2,1,3,58.44,3579.6,1,0,0.268
1,0,0,72,2,1,2,0,3,67.53,4441.73,0,0,0.071
1,0,1,33,0,0,0,1,1,74.35,2254.92,0,0,0.499
0,0,0,0,0,0,0,0,0,75.96,73.71,1,1,0.679
0,0,0,43,0,0,0,1,2,87.59,3473.75,0,0,0.443
0,1,0,20,0,2,0,1,0,87.97,1664.78,0,1,0.582
1,0,0,36,2,0,1,1,3,58.44,1957.81,0,0,0.178
0,0,1,56,0,1,0,0,3,61.23,3339.97,0,0,0.414
0,1,1,43,2,1,0,1,2,44.84,1847.29,0,0,0.165
0,1,0,23,0,2,2,1,0,68.58,1576.43,1,0,0.414
0,1,1,43,1,2,0,0,0,51.78,2054.25,0,0,0.279
1,1,0,20,0,0,0,0,0,42.9,790.62,0,1,0.543
0,0,1,62,0,1,2,1,2,28.06,1627.84,1,0,0.284
0,0,1,11,1,0,0,1,2,40.17,407.86,1,0,0.444
0,1,0,69,0,0,2,1,3,46.26,3107.35,0,0,0.211
0,1,0,16,0,0,2,1,2,45.17,661.87,1,0,0.434
0,0,1,5,1,0,0,0,0,32.71,155.59,0,0,0.432
0,0,1,62,0,1,0,0,2,72.05,4089.21,0,0,0.356
0,1,0,36,0,0,0,0,2,82.95,2855.41,1,0,0.455
0,0,1,69,1,1,2,0,2,69.58,4733.94,0,0,0.109
0,0,0,61,2,1,2,1,2,60.1,3539.96,0,0,0.078
0,1,0,67,0,2,2,1,3,52.35,3416.26,0,0,0.252
0,0,1,21,0,0,0,1,0,63.35,1326.42,0,1,0.53
0,1,0,35,0,1,2,1,3,50.56,1596.18,1,0,0.386
0,0,0,22,0,2,0,1,1,119.21,2488.66,0,1,0.622
0,0,0,57,2,1,0,0,0,42.71,2335.76,0,0,0.138
0,0,1,25,0,2,0,0,1,120.0,2756.69,1,1,0.587
0,1,1,49,0,2,1,0,0,65.49,2984.66,1,0,0.326
0,1,1,3,1,1,1,1,2,86.51,244.66,0,0,0.441
0,1,1,48,0,2,0,1,3,71.31,3384.67,0,0,0.439
1,0,0,43,2,1,1,0,0,53.28,2101.67,0,0,0.145
1,0,0,63,2,2,2,1,3,54.01,3268.1,1,0,0.101
0,1,0,70,0,0,2,1,0,31.97,2193.51,0,0,0.188
0,1,0,17,0,1,2,1,1,62.98,990.31,1,0,0.443
0,0,1,52,0,0,2,0,3,88.12,4407.08,1,0,0.254
1,1,0,26,0,0,2,0,1,79.87,2008.59,1,0,0.38
0,0,0,54,0,0,0,0,2,73.29,3876.02,1,0,0.38
0,1,0,65,2,2,1,1,0,44.33,2678.29,0,0,0.089
0,1,1,32,0,2,1,0,0,45.48,1343.62,1,0,0.429
0,1,0,58,0,2,1,1,1,66.46,3782.68,0,0,0.302
0,1,0,62,1,0,0,1,0,106.04,6067.98,0,0,0.133
0,1,0,33,0,0,2,0,2,64.27,2083.1,1,0,0.341
0,1,0,27,1,0,0,0,1,72.63,1957.99,0,0,0.325
0,1,0,19,0,1,0,1,1,56.6,1022.88,0,1,0.574
0,0,1,19,1,1,0,0,3,41.44,732.15,0,0,0.456
0,0,0,22,2,2,1,0,1,82.88,1664.21,0,0,0.233
0,0,1,50,0,1,0,1,3,67.34,3036.06,0,0,0.45
0,1,0,27,0,1,2,1,3,75.45,1914.39,1,0,0.421
0,1,0,68,0,1,0,0,1,36.95,2369.52,0,0,0.341
0,1,1,66,0,1,0,1,1,90.8,5810.57,0,0,0.248
0,1,0,42,0,1,1,1,0,75.58,3072.12,1,0,0.34
0,1,0,39,1,1,0,0,0,76.98,2909.11,0,0,0.269
1,0,0,5,1,1,0,1,0,68.28,311.33,1,1,0.524
1,0,0,25,0,1,2,1,3,58.99,1405.33,0,0,0.49
0,0,0,27,2,1,1,1,1,100.16,2541.49,1,0,0.186
0,0,1,33,2,1,2,1,1,92.09,2774.15,1,0,0.12
0,0,1,43,2,2,2,0,1,71.66,3000.98,0,0,0.108
0,1,0,72,0,1,0,1,1,88.1,6110.68,0,0,0.236
0,1,1,63,0,1,0,1,3,61.36,3588.1,0,0,0.346
0,0,0,4,1,0,2,1,1,84.95,315.09,0,0,0.369
0,0,0,30,2,1,0,1,0,47.59,1345.99,1,0,0.216
0,1,0,32,0,1,2,1,2,66.29,2093.83,1,0,0.37
0,0,0,72,0,1,0,1,2,67.76,4457.97,0,0,0.322
0,0,0,54,0,0,0,1,1,43.3,2191.29,0,0,0.402
0,0,0,15,0,1,0,1,2,99.23,1343.03,1,1,0.663
1,0,1,2,0,0,0,1,3,52.03,101.81,1,1,0.703
0,0,0,29,0,1,1,1,1,42.81,1238.29,1,0,0.483
0,1,0,46,1,0,0,0,2,58.94,2567.39,0,0,0.257
0,0,0,37,0,1,0,0,1,51.77,1814.03,0,1,0.514
1,0,0,57,1,0,0,1,0,85.28,4753.27,1,0,0.193
0,1,0,5,0,1,0,0,2,77.88,365.23,1,1,0.683
0,0,0,60,0,0,2,1,2,88.66,4793.19,0,0,0.22
0,0,0,37,1,2,0,1,2,68.44,2497.79,0,0,0.373
0,1,0,67,1,2,0,1,1,72.25,4516.48,0,0,0.185
0,0,0,67,0,0,2,1,3,44.78,2951.12,0,0,0.245
1,1,0,10,2,1,0,1,1,92.87,886.15,1,0,0.319
0,1,1,61,0,1,0,0,0,62.27,3770.72,1,0,0.297
1,0,0,23,1,0,0,1,1,42.44,945.36,0,0,0.403
0,1,0,55,0,1,0,1,1,65.15,3259.27,0,0,0.368
0,0,1,5,0,0,2,1,2,43.27,200.07,1,1,0.507
1,0,0,30,2,0,1,0,0,57.12,1651.17,0,0,0.165
0,1,0,38,0,0,0,1,2,61.14,2179.98,0,0,0.455
0,0,0,32,0,2,2,1,2,27.77,879.61,0,0,0.451
0,0,0,23,1,1,0,0,0,59.12,1306.87,0,0,0.395
0,0,0,17,2,0,2,0,2,51.62,823.45,0,0,0.176
0,0,0,16,1,2,1,0,0,71.5,1137.2,0,0,0.394
0,1,0,7,2,0,0,1,1,65.43,420.0,0,0,0.281
1,0,0,20,0,1,2,1,3,48.15,894.2,1,1,0.519
1,0,0,40,0,0,2,1,0,77.61,3056.53,0,0,0.308
0,1,1,7,0,0,0,1,1,18.0,114.96,1,1,0.571
0,0,1,13,2,2,2,1,0,93.22,1211.55,0,0,0.197
1,0,0,13,0,1,2,1,0,35.79,425.55,0,0,0.494
1,1,0,35,0,2,2,1,1,61.38,2137.64,0,0,0.384
0,1,0,3,2,1,1,1,1,63.98,178.73,0,0,0.265
0,0,0,14,0,0,2,1,2,81.49,1056.5,1,0,0.493
0,0,1,10,1,2,2,1,2,46.87,424.17,0,0,0.37
0,1,0,34,0,2,0,1,3,74.98,2350.95,0,1,0.552
0,0,0,40,0,2,2,0,1,92.7,3708.0,1,0,0.349
0,1,0,30,0,0,0,0,3,26.45,751.87,1,1,0.533
0,0,0,71,0,1,1,0,0,78.7,5132.61,0,0,0.224
0,0,1,32,1,1,2,0,0,73.62,2268.37,0,0,0.211
0,1,1,43,0,1,2,0,2,57.17,2456.3,0,0,0.302
0,1,0,51,2,0,2,1,1,64.16,2946.8,0,0,0.072
0,1,0,8,0,2,0,0,1,75.23,595.38,0,1,0.672
0,0,1,41,0,0,0,1,1,43.02,1698.97,0,0,0.447
1,1,1,39,0,1,2,0,2,36.81,1332.7,0,0,0.358
0,1,0,49,2,1,2,0,2,83.54,4064.14,0,0,0.08
0,1,0,19,2,1,0,1,1,70.78,1250.76,0,0,0.249
0,0,0,4,1,0,0,0,0,94.87,379.48,0,1,0.5
0,0,1,60,0,1,0,0,2,55.71,3029.23,0,0,0.39
0,1,0,1,1,0,2,1,1,39.58,37.16,0,0,0.319
0,1,0,7,0,2,1,1,3,63.1,409.26,1,1,0.64
0,0,0,12,1,1,0,0,2,97.93,1087.22,1,1,0.514
0,1,1,62,0,1,2,1,1,73.53,4495.26,1,0,0.186
0,1,1,44,0,0,2,0,3,51.34,2243.58,0,0,0.293
0,1,0,30,0,0,2,0,2,55.6,1555.08,0,0,0.364
0,1,0,70,1,1,1,0,3,78.81,5019.03,0,0,0.138
0,1,0,43,0,2,0,0,0,56.2,2402.29,0,0,0.447
0,1,1,2,0,1,2,1,1,68.75,130.97,0,1,0.518
1,0,1,29,2,1,0,0,1,65.63,1821.88,0,0,0.232
1,1,0,9,2,0,0,1,1,58.32,476.92,1,0,0.285
0,1,1,52,2,0,0,0,0,59.06,2827.36,0,0,0.106
0,0,1,40,1,0,2,1,0,69.78,2763.6,0,0,0.161
0,1,1,22,0,1,2,0,1,43.45,875.2,1,0,0.399
0,1,1,6,2,2,1,1,3,98.04,543.52,0,0,0.31
0,0,1,57,0,0,0,0,3,52.43,2790.99,0,0,0.397
0,0,0,1,1,1,2,0,2,86.55,79.0,0,0,0.439
1,0,0,46,1,0,1,1,2,56.94,2456.89,0,0,0.245
0,0,0,14,2,1,0,1,2,65.88,890.79,1,0,0.316
0,1,1,20,2,1,0,0,1,44.33,874.77,0,0,0.229
0,0,0,31,0,1,0,0,0,52.6,1519.29,1,1,0.528
0,0,0,16,0,2,2,1,0,72.57,1157.85,0,0,0.495
1,1,1,26,0,0,0,1,1,70.01,1717.25,1,1,0.506
0,1,0,33,2,1,0,1,1,44.08,1430.96,0,0,0.194
1,0,0,40,1,1,0,0,1,67.31,2651.22,1,0,0.332
0,1,1,41,1,1,0,0,0,30.84,1190.25,0,0,0.274
1,1,0,25,1,0,1,1,0,71.78,1744.23,1,0,0.276
0,1,1,21,0,1,1,1,1,63.2,1246.35,0,0,0.473
0,1,0,3,0,1,0,1,1,48.87,136.4,1,1,0.655
0,1,0,65,0,1,0,1,0,63.18,3768.17,0,0,0.3
1,1,1,30,0,0,2,0,3,45.28,1224.34,0,0,0.388
1,1,0,59,2,1,0,1,0,102.91,5999.98,0,0,0.088
0,1,0,57,0,1,0,1,1,60.59,3142.12,0,0,0.362
1,1,0,53,0,0,2,0,3,43.37,2134.85,0,0,0.298
0,1,0,48,0,0,0,1,3,54.27,2561.73,0,0,0.418
0,0,0,37,2,1,0,1,0,74.54,2585.95,1,0,0.183
0,1,1,52,0,1,1,0,1,40.82,1944.91,0,0,0.328
0,0,0,47,0,2,2,1,1,20.94,901.35,1,0,0.376
0,1,1,68,2,2,0,1,0,104.79,6499.73,1,0,0.071
0,1,1,23,0,0,0,1,1,72.03,1635.46,1,1,0.501
1,1,0,66,1,0,0,1,3,80.54,4789.14,0,0,0.184
0,0,1,20,2,1,2,1,3,18.08,354.73,0,0,0.181
0,0,0,23,0,1,2,1,3,36.96,815.42,1,0,0.482
0,1,0,11,0,1,0,0,0,63.08,648.6,1,1,0.605
1,0,0,70,1,1,0,0,1,69.73,4777.11,0,0,0.188
0,1,1,68,0,1,2,1,2,82.67,5351.8,0,0,0.169
1,1,0,72,0,0,2,0,3,94.46,6717.82,0,0,0.153
0,0,1,49,0,2,0,1,3,50.39,2455.35,1,0,0.493
0,0,0,63,0,1,0,1,1,22.66,1419.31,1,0,0.415
1,1,0,54,0,1,2,1,0,33.72,1685.25,0,0,0.279
0,0,1,7,1,0,2,1,1,76.01,522.01,0,0,0.327
1,1,1,10,2,2,0,0,1,70.31,694.77,0,0,0.32
0,1,1,58,0,2,0,1,3,45.41,2571.51,0,0,0.417
0,1,0,32,0,0,0,0,0,82.67,2588.28,1,0,0.441
0,0,0,36,0,1,2,1,1,72.85,2401.66,0,0,0.367
0,0,0,49,0,1,1,1,2,53.35,2375.46,1,0,0.397
1,0,0,28,0,1,0,1,2,67.92,1768.91,1,1,0.598
0,1,1,34,0,0,1,0,0,61.15,1943.46,1,0,0.355
0,0,0,20,0,1,0,0,3,68.4,1345.78,0,1,0.642
0,1,0,59,0,2,0,0,3,75.02,4222.11,0,0,0.392
0,1,0,24,0,1,0,1,1,61.29,1336.24,1,1,0.549
0,1,0,11,1,0,0,1,0,36.57,366.16,0,0,0.387
0,0,0,32,2,1,1,1,3,59.84,1875.33,0,0,0.195
0,0,1,25,1,1,1,0,3,64.34,1559.81,0,0,0.352
0,1,0,55,1,2,1,1,1,37.4,1892.87,0,0,0.216
0,0,1,31,0,1,2,1,2,74.97,2126.13,0,0,0.397
0,0,1,56,1,1,0,0,3,62.71,3170.66,0,0,0.265
0,0,1,0,0,1,2,1,0,76.81,70.96,0,1,0.551
0,1,1,5,0,1,0,0,1,60.28,284.69,1,1,0.638
1,1,1,14,2,1,0,1,2,93.39,1220.73,1,0,0.297
0,1,0,13,0,1,0,1,1,57.2,684.9,0,1,0.609
0,1,0,68,0,1,2,0,1,99.2,6354.02,0,0,0.155
1,1,1,5,1,0,2,1,0,97.91,480.24,0,0,0.321
0,0,1,40,0,1,1,1,1,39.15,1459.49,1,0,0.415
0,1,0,48,0,2,2,0,1,67.73,3037.91,1,0,0.299
0,1,1,70,0,1,2,1,2,55.92,3842.57,0,0,0.189
0,0,0,23,1,0,2,0,2,50.62,1110.97,0,0,0.275
1,0,0,62,2,1,0,0,3,55.95,3437.5,0,0,0.151
0,0,0,37,2,2,2,1,3,81.91,2841.29,0,0,0.149
0,1,1,49,0,0,2,1,2,37.43,1807.08,1,0,0.267
0,0,1,3,0,0,0,0,3,69.77,197.28,1,1,0.695
0,1,0,40,2,1,0,1,2,39.14,1491.62,0,0,0.187
0,0,0,48,0,1,1,1,2,62.63,2936.67,1,0,0.385
0,1,1,54,0,1,2,0,3,101.29,5300.52,1,0,0.225
0,1,0,32,2,1,0,0,2,91.6,2752.03,1,0,0.202
0,0,0,10,0,2,0,0,3,84.72,791.82,0,1,0.73
0,0,0,39,2,0,0,1,1,73.05,2636.56,0,0,0.171
0,1,0,16,1,1,2,1,3,60.12,949.15,1,0,0.316
0,1,0,55,0,0,2,1,2,55.26,2787.54,0,0,0.246
0,0,0,13,0,1,2,1,2,77.13,972.23,0,1,0.526
0,0,0,24,1,0,2,0,2,62.57,1469.1,0,0,0.269
0,0,1,13,1,0,1,1,0,72.22,925.66,0,0,0.338
0,1,1,44,2,1,2,0,0,38.53,1608.5,0,0,0.087
0,1,1,18,0,0,0,1,3,63.94,1065.03,1,1,0.573
0,1,0,61,0,0,0,0,2,69.98,4241.08,1,0,0.309
0,0,0,28,0,0,0,1,1,48.43,1351.58,1,1,0.529
1,0,0,42,1,2,1,0,0,68.92,2875.37,0,0,0.268
0,0,1,5,0,2,0,1,1,81.56,377.68,1,1,0.707
1,1,0,3,0,2,0,1,0,80.19,232.71,0,1,0.703
0,1,0,56,0,0,0,1,0,77.42,4003.93,0,0,0.303
0,0,0,69,0,1,0,1,1,66.91,4341.59,1,0,0.317
0,1,0,64,0,0,0,1,1,48.88,3120.19,0,0,0.306
0,1,0,67,0,0,1,1,1,40.97,2627.7,0,0,0.251
0,1,0,59,0,0,2,1,2,73.07,4161.91,1,0,0.207
0,0,0,11,0,1,2,0,3,46.05,481.13,1,1,0.547
0,1,1,33,1,0,0,1,3,68.94,2073.97,0,0,0.316
0,1,0,48,2,1,2,1,1,25.24,1111.43,0,0,0.098
0,0,1,57,1,0,2,0,3,28.62,1578.73,0,0,0.17
0,1,1,46,1,0,0,1,1,76.91,3537.8599999999997,0,0,0.21
0,1,0,66,0,2,0,0,2,83.53,4977.24,0,0,0.329
1,1,0,58,2,0,0,1,2,77.61,4088.66,0,0,0.113
0,1,0,65,0,1,1,1,2,47.44,2935.39,1,0,0.289
1,0,1,68,0,1,1,1,1,65.54,4229.34,0,0,0.265
1,1,0,15,0,2,0,0,3,69.19,944.02,1,1,0.686
0,0,1,39,1,2,2,1,1,93.98,3300.97,0,0,0.21
0,0,0,52,2,1,1,0,2,63.81,3136.23,0,0,0.123
0,0,0,34,0,1,0,1,0,42.44,1426.21,1,1,0.511
1,0,1,49,2,1,0,0,1,33.7,1633.33,0,0,0.175
0,0,0,10,1,2,0,1,2,45.68,451.75,0,1,0.528
0,0,0,55,0,0,0,1,1,73.54,3659.85,0,0,0.365
1,1,0,60,0,2,2,0,1,100.0,5707.34,1,0,0.219
0,1,0,19,0,0,0,1,1,71.78,1296.82,1,1,0.547
0,1,0,49,0,2,0,1,2,58.17,2754.95,0,0,0.45
0,1,0,43,2,2,0,1,1,31.05,1323.92,0,0,0.187
1,0,1,72,0,1,1,0,3,71.26,5045.53,0,0,0.263
0,0,1,0,0,0,1,1,1,79.14,73.49,0,1,0.614
0,1,1,50,0,2,0,1,1,89.29,4243.74,1,0,0.376
1,0,0,63,1,0,0,1,1,78.46,4866.35,0,0,0.186
0,1,0,71,0,1,0,1,3,63.43,4371.62,1,0,0.31
0,0,0,59,0,0,2,0,0,76.27,4155.57,1,0,0.208
0,1,0,36,0,0,0,1,1,94.91,3357.4,0,0,0.423
0,1,0,34,0,2,1,0,0,60.38,2045.91,0,0,0.424
0,0,0,29,2,0,0,1,1,79.81,2259.8,0,0,0.205
0,1,0,33,0,1,1,0,3,78.52,2434.19,0,0,0.455
0,0,0,16,2,1,2,1,1,57.68,916.69,0,0,0.184
0,1,1,53,0,2,0,0,3,63.25,3046.64,0,0,0.432
0,1,1,46,0,1,1,0,1,68.79,2979.37,0,0,0.329
0,1,0,66,1,1,0,0,0,68.34,4446.8,0,0,0.16
0,1,1,43,0,2,2,1,1,63.34,2583.61,0,0,0.309
0,1,0,24,0,2,1,1,0,55.94,1317.33,1,0,0.482
0,0,1,9,0,1,2,0,3,84.54,752.08,1,1,0.559
1,0,1,54,0,1,0,0,2,110.45,5710.74,1,0,0.368
0,0,0,34,1,1,0,1,2,93.25,3146.07,0,0,0.35
0,0,1,4,1,2,2,1,3,88.92,324.84,1,0,0.449
0,0,0,4,0,2,0,1,3,61.88,234.41,1,1,0.746
1,0,0,18,0,0,1,1,0,72.99,1252.99,1,1,0.518
0,0,0,34,1,0,0,0,2,64.59,2058.72,1,0,0.343
1,0,1,25,0,1,0,0,3,78.89,1910.21,1,1,0.614
0,0,0,54,2,0,0,0,2,97.09,5057.06,0,0,0.117
0,0,0,53,2,2,2,1,2,59.25,3062.7,0,0,0.103
0,0,0,45,0,2,2,1,0,66.32,2822.86,0,0,0.327
0,0,0,41,2,2,0,0,3,79.66,2975.86,0,0,0.225
0,0,0,36,2,1,2,0,0,75.11,2554.67,0,0,0.114
0,0,0,24,0,0,0,0,3,34.7,828.51,0,1,0.593
0,0,0,25,0,0,1,0,3,55.2,1304.69,1,1,0.516
0,1,0,2,0,0,0,0,1,74.38,134.99,1,1,0.654
0,1,1,6,0,0,2,1,2,63.84,348.24,1,0,0.48
0,1,0,41,0,0,1,1,0,71.49,2670.49,1,0,0.328
0,1,1,50,0,2,0,1,3,51.09,2406.05,1,0,0.456
0,0,0,23,2,2,0,1,1,72.34,1536.35,0,0,0.281
1,0,0,55,1,0,0,1,2,43.56,2319.63,0,0,0.272
1,0,1,56,0,1,2,1,0,56.98,3036.5,1,0,0.259
0,1,1,72,2,2,1,1,3,75.72,5448.29,0,0,0.068
0,0,0,53,0,2,0,0,2,30.19,1496.13,0,1,0.503
0,0,1,48,0,0,2,0,0,73.22,3401.01,0,0,0.242
0,0,1,37,1,2,0,0,1,76.91,2619.54,1,0,0.342
0,1,0,44,1,1,1,0,3,46.87,2044.15,0,0,0.253
0,1,0,58,2,1,0,1,2,50.58,2689.83,0,0,0.133
0,1,0,29,0,0,2,0,1,28.21,771.55,1,0,0.357
0,1,0,13,1,0,2,1,3,18.0,227.76,1,0,0.294
0,0,0,20,0,1,0,1,2,44.64,834.87,1,1,0.622
0,0,0,58,1,2,0,0,2,40.74,2178.64,1,0,0.301
0,1,0,36,0,1,0,0,0,63.68,2278.96,0,0,0.453
0,0,0,43,1,1,0,1,3,73.12,2993.13,0,0,0.329
0,1,1,26,0,1,2,1,0,82.54,1948.41,1,0,0.356
0,0,1,49,0,1,0,1,3,70.05,3287.42,0,0,0.445
0,0,0,0,1,0,0,1,0,101.79,0.0,0,1,0.534
0,0,0,65,0,1,2,1,3,84.02,5104.48,0,0,0.23
0,1,0,45,0,0,2,1,1,79.09,3499.81,0,0,0.25
1,0,0,63,0,2,2,1,1,54.31,3414.99,0,0,0.278
0,1,0,70,2,0,2,1,3,77.47,5410.13,0,0,0.046
0,0,0,31,0,1,0,1,1,80.7,2457.67,1,1,0.531
0,1,1,17,0,1,2,1,1,91.21,1447.89,0,0,0.431
0,0,0,10,0,0,1,1,3,59.53,566.58,1,1,0.599
0,1,0,2,0,1,0,1,2,72.66,132.74,1,1,0.694
0,0,0,39,0,0,0,0,2,86.87,3224.81,1,0,0.469
0,1,0,23,2,1,0,0,3,70.48,1463.0,0,0,0.263
0,0,0,5,0,1,1,0,1,49.96,233.29,1,1,0.614
1,1,0,57,2,1,0,1,1,87.05,4869.46,0,0,0.109
0,1,0,37,2,1,1,1,3,59.7,2025.18,0,0,0.16
0,0,1,3,2,0,2,1,3,69.08,199.67,0,0,0.233
0,1,0,40,0,1,0,0,3,69.01,2512.57,1,0,0.492
0,1,0,18,0,1,2,0,3,40.91,724.94,0,0,0.472
0,1,0,0,2,2,0,1,0,90.74,84.4,0,0,0.37
0,1,1,17,1,1,0,1,2,33.05,546.36,0,0,0.406
0,0,1,16,0,2,2,1,3,64.64,982.19,1,1,0.535
0,0,0,64,2,0,0,0,0,29.52,1713.22,0,0,0.12
0,0,0,45,0,0,0,1,2,35.12,1490.6,0,0,0.473
0,0,0,20,0,1,2,0,2,69.07,1297.27,0,0,0.484
0,1,0,21,0,1,1,1,3,57.57,1117.63,0,1,0.531
0,0,0,12,1,1,2,1,2,67.03,791.46,1,0,0.355
0,0,0,71,1,1,0,0,2,50.59,3459.4,0,0,0.21
0,0,1,2,0,0,1,0,2,120.0,225.28,1,1,0.656
0,1,0,1,1,0,2,1,0,81.24,80.38,0,0,0.333
0,0,0,39,0,0,2,0,0,60.28,2208.38,0,0,0.313
0,0,1,41,0,1,1,0,0,34.78,1375.01,0,0,0.395
0,0,0,71,1,1,1,1,2,80.67,5380.38,0,0,0.137
0,1,0,34,0,1,0,0,2,58.57,1834.48,0,1,0.513
0,0,0,8,2,1,0,0,1,54.11,427.09,1,0,0.327
0,1,0,38,0,1,0,0,3,55.76,2078.22,0,1,0.506
0,1,1,63,2,0,1,1,2,77.51,4857.84,0,0,0.063
0,0,0,71,1,1,2,1,0,59.91,4120.69,0,0,0.104
0,1,0,40,0,1,2,0,3,53.29,1945.44,0,0,0.361
1,1,0,44,0,0,2,1,0,72.44,3000.88,0,0,0.265
0,1,0,56,0,0,0,1,0,99.7,5116.73,1,0,0.28
0,1,0,21,2,1,0,1,1,94.6,1841.16,1,0,0.241
0,0,1,64,0,0,0,1,2,64.02,4079.67,0,0,0.315
0,1,0,12,0,1,0,1,0,18.0,210.54,1,1,0.578
0,0,0,19,0,2,2,1,3,44.39,797.32,0,1,0.533
0,0,0,72,0,1,0,1,0,69.18,4851.01,1,0,0.276
0,0,1,34,1,1,2,0,1,36.77,1234.33,1,0,0.227
0,1,1,20,0,0,2,0,3,66.85,1329.76,0,0,0.416
0,1,0,46,0,1,2,0,0,49.59,2152.54,0,0,0.281
0,1,1,16,2,2,1,0,2,74.25,1092.2,0,0,0.235
1,1,0,54,2,1,0,0,3,76.1,3915.2,0,0,0.146
0,0,0,59,0,0,0,0,0,46.91,2671.77,1,0,0.353
1,0,0,25,0,1,1,1,3,78.07,1797.48,1,1,0.563
0,1,0,0,0,1,2,1,1,79.63,75.42,0,1,0.555
1,0,0,23,1,0,0,0,0,71.81,1519.67,0,0,0.388
0,0,0,47,2,2,2,1,2,72.66,3371.93,0,0,0.111
0,0,0,14,1,0,1,0,2,53.12,736.32,0,0,0.382
0,0,0,18,1,0,0,1,2,80.42,1386.75,0,0,0.433
0,0,0,36,0,1,1,0,3,56.26,1854.92,1,0,0.486
0,0,0,32,2,1,0,1,3,63.42,1854.33,0,0,0.248
0,0,1,21,2,1,0,1,0,33.32,694.7,1,0,0.235
0,0,0,37,2,2,1,0,0,61.0,2204.46,0,0,0.162
0,0,0,1,2,1,1,0,2,87.5,87.5,1,0,0.341
0,1,0,17,1,1,0,1,2,53.74,831.97,0,0,0.43
0,1,1,26,0,1,1,0,1,95.55,2475.91,1,0,0.436
0,1,0,28,0,2,1,0,3,51.9,1407.25,1,1,0.522
0,0,0,25,1,0,1,0,0,42.57,1019.31,0,0,0.294
0,1,0,31,0,1,2,1,1,99.7,2859.53,0,0,0.353
0,0,1,13,0,2,0,0,3,57.49,719.62,1,1,0.688
0,1,0,21,1,1,1,0,3,48.0,919.84,0,0,0.36
1,0,0,49,1,0,0,1,2,72.66,3439.31,0,0,0.272
0,0,1,44,0,0,0,0,3,68.28,2772.93,1,0,0.455
0,0,0,56,0,1,0,0,3,54.51,2972.01,0,0,0.442
0,0,1,35,0,0,0,1,0,69.81,2236.79,1,0,0.449
0,1,0,33,2,1,2,0,1,57.78,1761.23,0,0,0.119
0,0,1,6,1,0,0,1,0,62.54,353.72,0,0,0.445
0,1,1,44,0,1,0,0,0,72.59,3188.09,0,0,0.379
0,0,1,28,1,0,0,0,0,68.92,1912.85,1,0,0.32
0,1,0,42,0,1,2,1,0,92.72,3781.17,0,0,0.266
0,1,0,41,0,2,2,1,3,24.93,995.9,1,0,0.397
0,0,0,1,0,2,2,0,1,82.01,78.99,0,1,0.62
0,0,0,50,0,0,1,0,0,109.79,5485.22,0,0,0.264
0,0,0,18,1,1,1,0,2,30.79,504.66,1,0,0.387
0,1,1,62,0,2,2,1,2,60.23,3645.54,0,0,0.235
0,0,0,1,1,1,0,1,1,40.29,36.6,0,1,0.522
0,1,0,43,0,0,2,1,2,98.49,4166.08,0,0,0.262
0,1,0,1,0,0,1,0,0,38.73,35.35,1,1,0.542
0,0,0,40,2,2,0,0,2,48.26,1740.46,0,0,0.231
0,0,0,72,2,1,2,0,1,59.23,4179.28,0,0,0.057
0,0,0,37,0,0,0,0,1,88.41,3181.77,0,0,0.459
0,1,1,23,0,2,0,0,1,38.28,811.26,1,1,0.567
0,0,0,20,0,2,2,0,2,76.7,1419.02,1,1,0.515
0,0,1,49,2,0,0,0,0,62.09,3010.31,0,0,0.123
0,1,1,40,0,0,2,1,1,51.63,1889.61,0,0,0.283
0,1,1,2,0,0,2,1,0,89.81,173.34,1,0,0.486
1,1,0,64,0,1,2,0,3,93.53,5645.55,1,0,0.213
0,1,1,9,2,1,0,1,2,30.88,265.69,0,0,0.281
0,1,0,51,2,0,0,0,1,71.26,3509.85,0,0,0.116
0,0,0,34,0,0,2,1,0,59.0,1898.05,1,0,0.336
1,0,1,57,0,0,0,1,3,82.37,4487.36,1,0,0.371
0,1,0,11,0,1,0,1,2,43.66,456.3,0,1,0.631
0,1,0,47,1,0,2,0,3,53.02,2333.7,0,0,0.173
0,0,0,39,2,1,0,0,1,32.54,1259.91,0,0,0.204
1,1,1,42,0,1,0,1,1,67.96,2711.61,0,0,0.437
0,1,1,55,1,1,0,0,0,20.8,1094.01,0,0,0.235
0,0,0,4,2,0,0,0,1,72.59,284.95,1,0,0.333
0,1,1,53,1,0,2,0,1,65.43,3174.83,0,0,0.122
0,1,0,37,0,0,1,1,3,59.64,2124.42,1,0,0.407
0,0,0,47,1,2,2,0,2,65.24,2762.64,0,0,0.216
0,0,0,63,1,0,0,1,0,38.47,2384.36,0,0,0.205
0,0,0,49,1,2,0,0,1,58.03,2782.68,0,0,0.302
0,0,0,15,0,0,2,1,2,55.75,787.01,1,0,0.478
0,1,0,59,1,2,1,0,1,68.58,3840.48,0,0,0.175
0,1,0,40,2,0,0,0,2,80.53,2925.21,0,0,0.158
0,0,0,2,2,2,2,1,0,38.36,69.71,0,0,0.234
0,0,1,17,0,0,0,1,2,66.34,1038.69,1,1,0.596
0,0,1,1,0,0,2,0,1,70.41,65.81,1,1,0.534
0,0,1,60,1,1,2,0,1,48.6,2760.74,0,0,0.143
1,1,1,69,0,1,2,0,1,52.3,3471.99,0,0,0.201
0,1,0,64,2,2,2,0,2,92.16,5578.01,0,0,0.06
1,1,1,42,2,0,2,0,2,58.67,2272.86,0,0,0.096
0,1,1,65,0,2,1,1,1,74.23,4812.93,0,0,0.239
0,1,0,18,2,1,2,1,3,49.44,885.85,0,0,0.177
1,0,0,0,1,1,0,1,1,49.99,47.26,1,1,0.555
0,0,0,48,1,1,0,1,0,74.33,3483.7,0,0,0.251
0,0,1,47,0,1,2,1,3,65.1,2831.36,0,0,0.328
0,0,0,35,0,1,1,1,1,120.0,3873.54,0,0,0.42
1,0,0,10,0,1,2,1,1,56.53,554.61,1,1,0.536
0,1,1,55,0,1,0,1,3,69.97,3700.16,0,0,0.374
0,1,0,40,0,2,0,0,0,72.95,2911.29,0,0,0.451
0,0,1,18,1,0,1,0,2,60.3,1050.28,1,0,0.346
0,0,1,1,0,1,0,1,1,76.16,72.52,1,1,0.7
0,1,0,59,1,0,2,1,3,104.24,5830.24,0,0,0.104
0,0,1,71,0,1,0,1,2,91.49,6303.08,0,0,0.262
1,0,1,51,0,1,1,1,2,68.89,3345.11,1,0,0.366
1,1,1,34,2,1,0,0,2,38.7,1188.69,0,0,0.211
0,1,1,15,0,0,2,1,1,87.74,1251.34,1,0,0.414
0,1,1,7,2,2,0,1,2,55.0,379.5,0,0,0.326
0,0,0,38,0,0,1,0,0,65.78,2332.26,0,0,0.381
0,1,0,47,1,1,2,1,2,83.74,3683.16,0,0,0.161
0,0,0,34,0,0,0,1,3,64.03,2155.68,1,1,0.528
0,0,0,65,2,2,0,1,3,71.01,4554.06,0,0,0.133
0,0,1,45,0,1,2,0,1,77.89,3165.34,0,0,0.3
0,0,0,68,2,1,0,1,0,18.0,1146.79,0,0,0.133
0,1,0,36,0,1,0,1,0,84.97,2849.0,0,0,0.446
1,0,0,34,1,1,0,0,2,51.13,1703.33,0,0,0.393
1,0,1,8,1,0,0,0,3,46.32,356.39,0,1,0.504
0,0,1,65,0,1,0,0,2,75.46,4756.27,1,0,0.324
0,1,0,19,1,2,2,1,2,55.58,987.93,0,0,0.312
0,0,0,45,2,1,1,1,2,49.26,2037.98,0,0,0.149
0,1,1,44,0,0,2,1,2,77.23,3090.87,0,0,0.266
0,1,0,31,0,1,0,1,0,80.54,2378.92,0,0,0.478
0,0,0,64,0,1,0,0,3,86.51,5030.3,0,0,0.359
0,1,0,48,1,2,0,1,2,93.79,4347.16,1,0,0.261
0,1,0,5,0,0,1,0,1,62.9,293.11,1,1,0.559
1,0,0,9,1,1,0,1,3,71.73,627.46,0,1,0.558
0,0,1,68,0,0,1,0,1,48.46,3200.63,1,0,0.25
0,0,0,44,0,2,0,1,3,68.49,2955.79,1,1,0.523
0,0,0,50,0,2,0,1,1,43.85,2057.08,0,0,0.48
0,0,0,4,0,0,0,1,3,56.08,219.16,1,1,0.694
0,0,0,37,0,2,2,1,3,46.9,1611.86,0,0,0.439
0,1,1,66,1,1,0,1,3,54.52,3367.85,0,0,0.202
1,1,1,12,1,0,0,1,3,59.59,652.35,1,0,0.451
0,1,1,38,1,1,2,0,3,84.88,3000.56,0,0,0.199
0,1,0,70,1,1,0,0,0,85.33,5778.27,0,0,0.132
0,1,0,37,1,0,2,0,1,81.85,2983.99,0,0,0.169
0,1,0,12,2,0,0,1,2,104.85,1216.05,0,0,0.285
0,1,0,52,1,1,0,1,2,44.67,2225.76,0,0,0.263
0,0,0,52,0,2,0,1,0,82.71,3935.65,1,0,0.409
0,0,0,52,0,0,2,1,2,72.71,3494.22,0,0,0.27
0,0,0,2,1,1,0,0,2,46.92,90.9,1,1,0.545
0,1,0,3,0,2,0,1,3,95.03,262.14,1,1,0.743
1,1,0,27,1,1,0,1,0,65.85,1684.19,0,0,0.356
0,1,0,40,0,2,1,1,1,56.09,2172.92,0,0,0.412
0,1,1,44,2,1,2,1,1,110.75,4440.45,0,0,0.076
0,0,1,31,1,0,0,1,2,65.11,1852.25,0,0,0.342
0,0,1,64,0,1,1,0,1,31.3,1856.9,1,0,0.319
0,1,0,6,0,1,0,0,3,94.72,512.84,1,1,0.704
0,1,0,29,2,2,2,1,0,114.79,3056.08,0,0,0.127
0,1,0,43,0,0,2,0,2,40.56,1734.51,0,0,0.305
0,1,0,28,0,1,0,1,3,80.17,2027.42,0,1,0.561
0,0,1,23,1,1,0,1,3,66.48,1416.02,1,0,0.433
0,1,1,69,2,0,2,1,3,71.61,4544.32,0,0,0.049
0,0,0,53,2,1,2,1,3,76.73,3926.42,0,0,0.092
1,1,1,37,0,0,0,1,0,63.8,2324.05,1,0,0.418
1,0,0,13,0,1,0,1,3,59.21,736.72,1,1,0.695
0,1,0,4,2,1,2,1,3,51.23,187.05,1,0,0.228
0,0,1,30,0,1,0,1,0,65.48,1874.47,0,1,0.508
0,1,0,68,0,1,2,1,3,60.78,3745.77,0,0,0.224
0,0,1,18,1,1,0,1,0,59.01,994.43,0,0,0.404
0,0,0,64,0,2,0,1,1,104.97,6087.77,0,0,0.323
0,0,1,66,0,0,2,0,3,38.11,2282.36,0,0,0.252
0,0,0,38,1,1,1,1,3,100.46,3463.1,0,0,0.286
0,0,0,45,2,1,0,0,0,59.43,2515.96,0,0,0.163
0,0,1,2,0,0,0,1,3,78.42,150.51,0,1,0.704
1,0,0,41,0,1,2,0,1,52.06,1951.33,1,0,0.373
0,1,0,63,0,1,0,1,3,63.06,3641.73,0,0,0.362
0,1,0,65,1,1,2,0,3,32.08,1927.64,0,0,0.155
0,1,1,68,2,0,1,0,0,117.22,7673.45,0,0,0.037
0,0,1,65,2,0,0,0,1,75.12,4635.79,0,0,0.088
0,0,0,66,2,2,2,0,3,70.92,4371.79,0,0,0.081
1,0,0,51,1,1,1,1,0,62.76,2967.5,0,0,0.215
0,1,0,3,0,1,1,0,0,30.22,85.48,0,1,0.555
0,0,0,43,1,1,0,0,2,28.08,1195.43,0,0,0.346
0,1,0,1,0,0,0,0,3,61.45,56.88,1,1,0.684
0,0,0,3,0,1,0,0,0,67.54,184.78,1,1,0.685
0,1,0,54,2,0,0,1,1,100.22,4950.27,0,0,0.097
0,1,1,7,0,0,0,1,3,50.72,335.59,0,1,0.628
0,1,0,39,0,2,0,1,0,62.28,2417.51,0,0,0.463
0,0,1,24,2,2,1,0,3,44.78,999.65,1,0,0.239
1,0,1,27,1,0,2,1,3,86.73,2339.37,1,0,0.264
0,0,1,4,0,2,0,1,3,64.15,241.77,1,1,0.733
0,0,0,59,0,2,2,1,1,47.07,2690.3,1,0,0.293
1,0,0,18,2,1,0,1,0,79.8,1321.62,1,0,0.285
0,0,0,62,0,0,1,0,0,81.07,4756.27,0,0,0.237
0,1,1,41,0,2,0,1,2,44.59,1692.04,1,0,0.492
0,0,0,71,0,1,0,1,1,57.84,3987.79,0,0,0.318
0,1,0,1,0,1,0,1,3,84.22,76.89,1,1,0.724
0,1,0,45,2,2,0,1,3,72.09,3170.53,0,0,0.181
1,1,0,18,1,0,1,0,1,55.69,935.09,1,0,0.331
0,0,1,35,1,2,2,1,1,36.15,1245.89,0,0,0.244
0,1,0,6,0,0,0,0,2,51.23,293.47,0,1,0.634
0,1,0,33,2,1,2,0,0,52.49,1639.75,1,0,0.111
0,0,0,18,1,0,2,0,0,67.28,1157.99,1,0,0.268
0,1,0,39,1,1,0,1,1,55.89,2041.24,0,0,0.298
0,1,0,50,0,1,2,1,1,53.92,2622.57,0,0,0.271
0,1,1,45,2,1,0,0,2,68.36,2817.42,0,0,0.152
1,0,1,54,1,1,0,1,2,63.69,3177.7,0,0,0.27
0,0,0,56,0,1,2,0,3,33.14,1807.76,0,0,0.333
0,0,1,25,0,0,1,0,3,76.23,1783.25,1,0,0.496
0,0,1,44,1,1,0,0,2,87.69,3534.76,0,0,0.288
0,0,0,32,0,1,2,0,2,40.74,1243.29,1,0,0.42
0,1,1,9,2,0,0,1,3,95.93,799.49,0,0,0.302
0,1,0,18,1,0,0,1,3,68.4,1191.79,0,0,0.415
0,0,0,2,0,1,2,0,3,68.41,131.7,1,1,0.612
1,1,0,20,0,2,0,0,2,97.39,1877.78,1,1,0.64
0,1,1,68,1,1,2,0,1,75.13,4805.42,0,0,0.091
0,0,1,51,0,2,0,1,3,74.72,3587.32,0,0,0.46
0,1,0,27,0,2,0,1,1,68.55,1786.12,1,1,0.556
0,1,0,63,0,1,2,1,3,65.42,3820.32,0,0,0.236
0,0,1,69,0,1,0,1,2,33.79,2294.08,0,0,0.37
0,0,0,58,0,1,2,1,3,55.51,3138.03,0,0,0.293
1,0,0,37,0,1,2,0,2,49.64,1727.39,0,0,0.411
1,0,0,46,2,1,0,1,2,44.72,1915.09,1,0,0.202
0,0,0,5,0,1,2,1,1,44.1,212.88,1,1,0.536
0,1,0,20,2,1,1,0,2,53.84,1055.42,1,0,0.206
0,0,0,10,0,2,0,1,3,52.52,492.97,0,1,0.715
1,0,1,31,0,1,0,1,0,113.88,3279.11,0,1,0.509
1,1,0,48,0,1,2,1,0,114.88,4990.18,0,0,0.242
1,0,1,14,0,2,2,0,2,97.19,1345.56,0,1,0.559
0,1,0,71,0,1,1,1,0,68.5,4613.83,0,0,0.206
0,0,0,50,0,0,1,1,2,45.73,2206.72,0,0,0.365
0,0,0,17,1,2,0,0,2,54.62,906.12,0,0,0.496
1,0,0,24,1,0,2,1,0,62.29,1422.36,0,0,0.254
0,0,0,13,0,2,0,0,2,54.97,692.02,1,1,0.687
0,1,0,16,0,0,0,1,0,62.07,914.59,1,1,0.545
0,0,0,33,1,1,1,1,3,37.01,1191.24,0,0,0.334
1,1,0,34,2,0,0,0,3,61.78,2007.59,0,0,0.207
0,1,0,18,0,1,0,1,1,65.23,1086.22,1,1,0.583
0,0,1,19,1,1,0,0,3,69.06,1269.35,1,0,0.458
0,0,1,30,2,0,0,1,2,62.48,1718.08,0,0,0.208
0,1,0,16,0,1,1,1,3,80.56,1247.1,0,1,0.563
0,1,0,51,0,1,0,1,0,120.0,6046.97,0,0,0.301
0,0,1,68,1,1,0,1,0,61.24,4095.22,0,0,0.169
0,0,0,68,0,2,2,1,1,47.39,3121.38,0,0,0.254
0,0,0,65,2,0,2,0,1,76.79,4786.01,0,0,0.054
0,1,0,67,0,1,2,1,2,35.91,2276.83,0,0,0.241
0,0,1,51,2,1,2,0,2,37.19,1842.93,0,0,0.101
0,1,0,65,0,0,2,1,3,66.3,3975.26,0,0,0.207
1,1,1,55,2,0,1,1,0,64.16,3345.61,0,0,0.079
1,0,1,39,0,2,2,0,3,76.82,2840.57,0,0,0.412
0,0,0,15,1,1,2,0,3,59.83,880.44,0,0,0.356
0,0,0,11,0,0,0,0,3,94.75,1035.29,1,1,0.676
0,1,0,2,0,1,1,1,2,83.08,160.82,0,1,0.637
1,1,1,49,2,2,0,1,2,63.72,2895.27,1,0,0.166
0,0,0,12,2,0,1,0,0,87.93,1013.5,0,0,0.224
0,0,1,50,0,1,1,0,2,49.04,2244.53,1,0,0.38
0,1,0,55,0,2,2,0,1,45.95,2433.13,1,0,0.284
1,0,0,46,0,0,2,1,1,62.25,2687.95,1,0,0.309
0,1,0,60,0,2,1,1,0,66.14,3879.56,0,0,0.276
